id;creation_date;gender;phone;bio;facebook;twitter;linkedin;instagram;google_plus;birthdate;civil_status;looking_for;purpose;physical;religion;ethnic_group;studies;sibblings;eyes;smoker;children;future_children;pet;appuser_id
1;2019-10-07T22:29:49;FEMALE;(507) 171-8677 x652;seize Glen Refined;Mandatory Assistant;Strategist;Incredible Fresh Car Tuvalu;Senior Optional Yemeni Rial;Central African Republic;2019-10-07T19:12:51;WIDOWER;OTHER;NOT_INTERESTED;BULKY;ISLAMIC;ARAB;DOCTORATE;20;GREEN;NA;YES;NA;true;1
2;2019-10-07T19:35:52;OTHER;104-378-4991;Credit Card Account disintermediate;transmitting Tennessee Practical Steel Shirt;24/7;Refined;haptic Producer Agent;Rhode Island capacitor;2019-10-07T16:09:00;MARRIED;OTHER;NOT_INTERESTED;BULKY;AGNOSTIC;OTHER;TECHNICAL;16;BROWN;NA;NO;NO;false;2
3;2019-10-08T08:08:08;FEMALE;1-326-586-9714 x9847;Canyon;Investment Account frictionless orchid;Future-proofed Awesome;Creek;Shirt Metal;Mouse Rupiah;2019-10-08T00:26:24;OTHER;OTHER;NOT_INTERESTED;THIN;ATHEIST;MIXED;MASTER;1;NA;YES;NO;YES;false;3
4;2019-10-07T21:26:30;OTHER;354.770.0121 x7688;generate Music;Inlet Hungary Configurable;interface;Toys;overriding;internet solution;2019-10-08T07:26:44;NA;MALE;OTHER;THIN;ISLAMIC;NA;DOCTORATE;20;CHESTNUT;NA;NO;NA;true;4
5;2019-10-08T05:50:32;OTHER;088.005.0469;Fresh incubate Agent;Jewelery Engineer Bedfordshire;Tanzanian Shilling Assurance Nebraska;Gardens synthesizing;silver;system;2019-10-08T05:31:54;ENGAGED;MALE;MARRIAGE;NA;OTHER;ASIAN;COLLEGE;0;OTHER;YES;YES;NA;true;5
6;2019-10-08T00:30:55;OTHER;921.309.7750 x87187;indigo Bacon Mouse;Programmable payment National;HDD;Tanzanian Shilling Lights;e-enable Plaza intranet;convergence Idaho customized;2019-10-08T00:55:27;OTHER;MALE;STABLE_RELATIONSHIP;CORPULENT;AGNOSTIC;GYPSY;NA;16;BLACK;NO;GREATER_THAN_18;NO;false;6
7;2019-10-07T22:38:50;OTHER;706.565.5725 x3819;front-end Intuitive vortals;Communications;Customer;Avon;Advanced bus;Security Virginia;2019-10-07T17:36:01;SINGLE;OTHER;NOT_INTERESTED;ATHLETIC;OTHER;OTHER;COLLEGE;10;BROWN;NO;GREATER_THAN_18;NO;false;7
8;2019-10-08T00:45:49;OTHER;1-434-794-5204;Concrete Towels Avon;Automotive frame;Indiana deposit Electronics;Bedfordshire Strategist;Towels applications;Zimbabwe;2019-10-08T05:53:33;SEPARATED;OTHER;FRIENDSHIP;CORPULENT;AGNOSTIC;NA;DOCTORATE;1;BLACK;NA;NA;NA;false;8
9;2019-10-07T14:09:54;FEMALE;(216) 505-1375;THX;Re-contextualized Licensed;Producer;SAS parsing;Branding Concrete;eco-centric Senior;2019-10-08T10:00:27;ENGAGED;FEMALE;OTHER;OTHER;JEWISH;LATIN;PRIMARY;19;GREEN;YES;NO;NO;true;9
10;2019-10-07T21:19:14;OTHER;491-591-6260 x89518;Bedfordshire Awesome Cotton Tuna;calculating yellow;Wooden;Future;pixel Phased payment;Towels Internal;2019-10-08T00:16:09;SEPARATED;FEMALE;STABLE_RELATIONSHIP;NA;ATHEIST;NA;COLLEGE;15;GREEN;YES;NO;NA;false;10
